,name
77,Alex Acker
88,Quincy Acy
119,Hassan Adams
128,Jordan Adams
147,Steven Adams
166,Bam Adebayo
207,Jeff Adrien
215,Arron Afflalo
230,Maurice Ager
252,Blake Ahearn
337,Josh Akognon
358,Solomon Alabi
389,Cole Aldrich
394,LaMarcus Aldridge
403,Cliff Alexander
416,Joe Alexander
512,Jarrett Allen
529,Kadeem Allen
535,Lavoy Allen
566,Tony Allen
595,Lance Allred
606,Morris Almond
679,Al-Farouq Aminu
715,Alan Anderson
720,Antonio Anderson
766,James Anderson
767,James Anderson
768,James Anderson
781,Justin Anderson
792,Kyle Anderson
793,Kyle Anderson
818,Ryan Anderson
819,Ryan Anderson
820,Ryan Anderson
897,Ike Anigbogu
915,Joel Anthony
934,OG Anunoby
957,Keith Appling
963,Rafael Araujo
980,Ryan Arcidiacono
995,Trevor Ariza
1009,Brandon Armstrong
1013,Hilton Armstrong
1061,Darrell Arthur
1065,Jamel Artis
1159,D.J. Augustin
1161,James Augustine
1261,Jeff Ayres
1269,Kelenna Azubuike
1279,Chris Babb
1281,Luke Babbitt
1293,Dwayne Bacon
1384,Cameron Bairstow
1427,Maurice Baker
1436,Ron Baker
1464,Wade Baldwin
1469,Renaldo Balkman
1476,Lonzo Ball
1546,Marcus Banks
1604,J.J. Barea
1671,Harrison Barnes
1729,Andre Barrett
1775,Will Barton
1783,Eddie Basden
1797,Brandon Bass
1899,Jerryd Bayless
1902,Aron Baynes
1905,Kent Bazemore
1914,Bradley Beal
1938,Malik Beasley
1939,Michael Beasley
2041,Charlie Bell
2060,Jordan Bell
2061,Jordan Bell
2127,Jerrelle Benimon
2146,Anthony Bennett
2190,Keith Benson
2200,Ben Bentil
2343,Patrick Beverley
2358,Sim Bhullar
2427,Khem Birch
2431,Jabari Bird
2495,Tarik Black
2548,DeJuan Blair
2577,Antonio Blakeney
2585,Will Blalock
2608,Eric Bledsoe
2653,Vander Blue
2679,Tony Bobbitt
2731,Andrew Bogut
2770,Joel Bolomboy
2821,Devin Booker
2822,Devin Booker
2830,Trevor Booker
2842,Josh Boone
2881,Chris Bosh
3071,Craig Brackins
3087,Avery Bradley
3100,Michael Bradley
3104,Tony Bradley
3238,Corey Brewer
3246,Ronnie Brewer
3349,Jon Brockman
3357,Malcolm Brogdon
3373,Aaron Brooks
3395,Dillon Brooks
3468,Andre Brown
3469,Andre Brown
3475,Anthony Brown
3476,Anthony Brown
3478,Anthony Brown
3479,Anthony Brown
3480,Anthony Brown
3489,Bobby Brown
3490,Bobby Brown
3551,Dee Brown
3552,Dee Brown
3559,Derrick Brown
3560,Devin Brown
3601,Jabari Brown
3615,Jaylen Brown
3675,Lorenzo Brown
3684,Markel Brown
3733,Shannon Brown
3740,Sterling Brown
3741,Sterling Brown
3877,Thomas Bryant
3937,Chase Budinger
3980,Reggie Bullock
4054,Trey Burke
4058,Alec Burks
4059,Antonio Burks
4060,Antonio Burks
4220,Caron Butler
4233,Jimmy Butler
4266,Dwight Buycks
4272,Derrick Byars
4294,Will Bynum
4295,Will Bynum
4368,Nick Calathes
4390,Kentavious Caldwell-Pope
4520,Isaiah Canaan
4579,Derrick Caracter
4632,Rodney Carney
4683,DeMarre Carroll
4688,Matt Carroll
4774,Maurice Carter
4819,Michael Carter-Williams
4828,Alex Caruso
4903,Willie Cauley-Stein
4910,Tyler Cavanaugh
4948,Lionel Chalmers
4949,Mario Chalmers
4992,Wilson Chandler
5124,Will Cherry
5147,Josh Childress
5193,Marquese Chriss
5213,Dionte Christmas
5215,Rakeem Christmas
5218,Semaj Christon
5219,Patrick Christopher
5304,Earl Clark
5308,Ian Clark
5363,Coty Clarke
5377,Jordan Clarkson
5381,Gian Clavell
5439,Antonius Cleveland
5589,Norris Cole
5730,John Collins
5736,Mardy Collins
5742,Sherron Collins
5746,Zach Collins
5748,Kyle Collinsworth
5749,Darren Collison
5807,Mike Conley
5811,Pat Connaughton
5833,Will Conroy
5855,Daequan Cook
5873,Omar Cook
5875,Quinn Cook
5884,Charles Cooke
5898,Jack Cooley
5955,Chris Copeland
6033,Matt Costello
6050,Bryce Cotton
6091,Marcus Cousin
6092,DeMarcus Cousins
6106,Robert Covington
6146,Allen Crabbe
6167,Torrey Craig
6211,Joe Crawford
6212,Jordan Crawford
6268,Javaris Crittenton
6315,Jae Crowder
6414,Dante Cunningham
6416,Jared Cunningham
6417,Jared Cunningham
6454,JamesOn Curry
6461,Seth Curry
6463,Stephen Curry
6616,Erik Daniels
6632,Troy Daniels
6708,Jermareo Davidson
6713,Brandon Davies
6722,Anthony Davis
6723,Anthony Davis
6724,Anthony Davis
6725,Anthony Davis
6778,Deyonta Davis
6785,Ed Davis
6799,Glen Davis
6839,Josh Davis
6840,Josh Davis
6841,Josh Davis
6842,Josh Davis
6843,Josh Davis
6900,Paul Davis
6963,Andre Dawkins
6974,Branden Dawson
6998,Austin Daye
7062,Dewayne Dedmon
7084,Bryce Dejean-Jones
7090,Sam Dekker
7102,Malcolm Delaney
7119,Matthew Dellavedova
7160,Luol Deng
7190,Justin Dentmon
7203,DeMar DeRozan
7287,Cheick Diallo
7315,Yakhouba Diawara
7322,Guillermo Diaz
7377,Travis Diener
7380,Gorgui Dieng
7449,Spencer Dinwiddie
7450,Ike Diogu
7649,Joey Dorsey
7655,Tyler Dorsey
7680,Damyean Dotson
7695,Quincy Douby
7727,Toney Douglas
7752,Zabian Dowdell
7837,Larry Drew
7859,Andre Drummond
7891,Jared Dudley
7912,Chris Duhon
7915,Duje Dukan
7982,Kris Dunn
8026,Kevin Durant
8082,Jerome Dyson
8111,Cleanthony Early
8142,Devin Ebanks
8178,Jarell Eddie
8249,John Edwards
8250,John Edwards
8285,Shane Edwards
8398,Henry Ellenson
8406,Wayne Ellington
8479,Joel Embiid
8496,Andre Emmett
8525,Kim English
8533,James Ennis
8535,Tyler Ennis
8670,Jawun Evans
8671,Jeremy Evans
8689,Reggie Evans
8700,Tyreke Evans
8724,Daniel Ewing
8747,Festus Ezeli
8817,Kenneth Faried
8826,Jordan Farmar
8832,Desmon Farmer
8883,Derrick Favors
8893,Nick Fazekas
8929,Kay Felder
8939,Carrick Felix
8954,Raymond Felton
9016,Yogi Ferrell
9054,Landry Fields
9104,Dorian Finney-Smith
9139,Gerald Fitch
9251,Luis Flores
9288,Jonny Flynn
9322,Jeff Foote
9325,Bryn Forbes
9327,Gary Forbes
9338,Alton Ford
9377,Sharrod Ford
9380,T.J. Ford
9426,Courtney Fortson
9498,De'Aaron Fox
9514,Randy Foye
9565,Jamaal Franklin
9629,Tim Frazier
9640,Jimmer Fredette
9682,Matt Freije
9744,Channing Frye
9770,Hiram Fuller
9790,Markelle Fultz
9862,Deng Gai
9880,Sundiata Gaines
9928,Langston Galloway
9983,Francisco Garcia
10014,Thomas Gardner
10021,Patricio Garino
10051,Diante Garrett
10157,Rudy Gay
10169,Michael Gbinije
10178,Alonzo Gee
10227,Paul George
10232,Marcus Georges-Hunt
10310,Jonathan Gibson
10322,Taj Gibson
10333,J.R. Giddens
10372,Trey Gilder
10484,Mickell Gladness
10619,Ryan Gomes
10620,Ryan Gomes
10706,Archie Goodwin
10721,Aaron Gordon
10725,Ben Gordon
10732,Drew Gordon
10736,Eric Gordon
10788,Andrew Goudelock
10844,Joey Graham
10859,Stephen Graham
10862,Treveon Graham
10876,Danny Granger
10898,Jerami Grant
10899,Jerian Grant
10940,Aaron Gray
11014,Danny Green
11021,Devin Green
11027,Draymond Green
11030,Erick Green
11037,JaMychal Green
11041,Jeff Green
11094,Taurean Green
11106,Willie Green
11118,Donte Greene
11127,Orien Greene
11191,Blake Griffin
11204,Eddie Griffin
11232,Taylor Griffin
11396,Jorge Gutierrez
11502,Malik Hairston
11503,P.J. Hairston
11583,Mike Hall
11584,Mike Hall
11585,Mike Hall
11640,Daniel Hamilton
11654,Jordan Hamilton
11655,Jordan Hamilton
11656,Justin Hamilton
11704,A.J. Hammons
11781,Ben Hansbrough
11783,Tyler Hansbrough
11793,Travis Hansen
11810,Luke Harangody
11817,Tim Hardaway
11821,James Harden
11875,Maurice Harkless
11920,Justin Harper
11942,Montrezl Harrell
11946,Josh Harrellson
11997,Devin Harris
11998,Devin Harris
12005,Elias Harris
12014,Gary Harris
12043,Joe Harris
12074,Manny Harris
12082,Mike Harris
12083,Mike Harris
12084,Mike Harris
12117,Terrel Harris
12123,Tobias Harris
12142,Aaron Harrison
12143,Andrew Harrison
12152,David Harrison
12188,Josh Hart
12301,Spencer Hawes
12364,Chuck Hayes
12421,Gordon Hayward
12423,Lazar Hayward
12454,Luther Head
12561,Gerald Henderson
12674,Xavier Henry
12689,John Henson
12783,Roy Hibbert
12828,J.J. Hickson
12832,Buddy Hield
12838,Cory Higgins
12887,George Hill
12907,Jordan Hill
12908,Jordan Hill
12938,Solomon Hill
12939,Steven Hill
12954,Darrun Hilliard
13037,Darington Hobson
13041,Julius Hodge
13125,Jrue Holiday
13126,Justin Holiday
13138,John Holland
13176,Ryan Hollins
13185,Rondae Hollis-Jefferson
13249,Richaun Holmes
13289,Tyler Honeycutt
13307,Rodney Hood
13357,Scotty Hopson
13388,Dennis Horner
13434,Danuel House
13569,Lester Hudson
13584,Josh Huestis
13653,Robbie Hummel
13672,Kris Humphries
13711,Chris Hunter
13733,Othello Hunter
13734,R.J. Hunter
13739,Vince Hunter
13837,Andre Iguodala
13881,Brandon Ingram
13923,Kyrie Irving
13928,Jonathan Isaac
13966,Royal Ivey
13977,Wesley Iwundu
13994,Jarrett Jack
14029,Cedric Jackson
14030,Cedric Jackson
14031,Cedric Jackson
14055,Darnell Jackson
14056,Darnell Jackson
14065,Demetrius Jackson
14066,Demetrius Jackson
14125,Josh Jackson
14126,Josh Jackson
14127,Justin Jackson
14128,Justin Jackson
14129,Justin Jackson
14130,Justin Jackson
14131,Justin Jackson
14154,Luke Jackson
14157,Marc Jackson
14182,Pierre Jackson
14187,Reggie Jackson
14188,Reggie Jackson
14189,Reggie Jackson
14302,Damion James
14333,Mike James
14417,Othyus Jeffers
14420,Cory Jefferson
14425,Dontell Jefferson
14451,Jared Jeffries
14476,Charles Jenkins
14498,John Jenkins
14520,Brandon Jennings
14546,Grant Jerrett
14609,Alexander Johnson
14611,Amir Johnson
14625,Armon Johnson
14647,Brice Johnson
14659,Carldell Johnson
14668,Chris Johnson
14669,Chris Johnson
14670,Chris Johnson
14673,Chris Johnson
14692,Dakari Johnson
14758,Ivan Johnson
14759,Ivan Johnson
14763,JaJuan Johnson
14764,JaJuan Johnson
14772,James Johnson
14773,James Johnson
14774,James Johnson
14775,James Johnson
14776,James Johnson
14893,Nick Johnson
14902,Orlando Johnson
14948,Stanley Johnson
14988,Trey Johnson
14989,Trey Johnson
14991,Tyler Johnson
15001,Wesley Johnson
15018,Darius Johnson-Odom
15085,Bobby Jones
15086,Bobby Jones
15127,Damian Jones
15144,DeQuan Jones
15151,Dominique Jones
15155,Dwayne Jones
15185,Jalen Jones
15186,Jalen Jones
15187,Jalen Jones
15190,James Jones
15234,Kevin Jones
15235,Kevin Jones
15236,Kevin Jones
15253,Mark Jones
15285,Perry Jones
15316,Solomon Jones
15326,Terrence Jones
15346,Tyus Jones
15382,DeAndre Jordan
15388,Jerome Jordan
15423,Cory Joseph
15431,Kris Joseph
15553,Chris Kaman
15565,Frank Kaminsky
15622,Coby Karl
15654,Sasha Kaun
15764,Ryan Kelly
15765,Ryan Kelly
15798,Luke Kennard
15803,D.J. Kennedy
15894,Michael Kidd-Gilchrist
15929,Sean Kilpatrick
16051,Tarence Kinsey
16065,Alex Kirk
16124,Linas Kleiza
16149,Brandon Knight
16320,Kosta Koufos
16471,Rob Kurz
16477,Kyle Kuzma
16489,Skal Labissiere
16511,Oliver Lafayette
16549,Doron Lamb
16551,Jeremy Lamb
16605,Carl Landry
16606,Carl Landry
16608,Marcus Landry
16653,Keith Langford
16682,Shane Larkin
16723,Stephane Lasme
16769,Zach LaVine
16771,Acie Law
16777,Gani Lawal
16830,Ty Lawson
16838,Jake Layman
16920,Courtney Lee
16921,Courtney Lee
16924,David Lee
16925,David Lee
16952,Malcolm Lee
17016,Alex Len
17034,Kawhi Leonard
17037,Meyers Leonard
17060,Travis Leslie
17073,Jon Leuer
17083,Caris LeVert
17230,DeAndre Liggins
17244,Damian Lillard
17248,Jeremy Lin
17466,Shawn Long
17479,Kevon Looney
17485,Brook Lopez
17496,Robin Lopez
17552,Kevin Love
17594,Kyle Lowry
17620,Kalin Lucas
17688,Tyler Lydon
17699,Trey Lyles
17754,Scott Machado
17774,Shelvin Mack
17792,Vernon Macklin
17815,Tito Maddox
17899,Renaldo Major
18076,Lauri Markkanen
18130,Kendall Marshall
18144,Rawle Marshall
18178,Cartier Martin
18205,Jarell Martin
18225,Kevin Martin
18226,Kevin Martin
18318,Frank Mason
18390,Mangok Mathiang
18448,Wesley Matthews
18488,Jason Maxiell
18510,Sean May
18546,Eric Maynor
18553,O.J. Mayo
18599,James Michael McAdoo
18652,Ray McCallum
18660,Rashad McCants
18686,Patrick McCaw
18743,C.J. McCollum
18764,T.J. McConnell
18799,Chris McCray
18823,Chris McCullough
18846,K.J. McDaniels
18852,Doug McDermott
18933,Ivan McFarlin
18938,Mitch McGary
18950,JaVale McGee
19012,Rodney McGruder
19014,Dominic McGuire
19097,Alfonzo McKinnie
19155,Ben McLemore
19221,Jerel McNeal
19255,Jordan McRae
19256,Jordan McRae
19262,Josh McRoberts
19306,Jodie Meeks
19325,Gal Mekel
19335,Fab Melo
19376,Pops Mensah-Bonsu
19470,Jordan Mickey
19481,Khris Middleton
19508,Aaron Miles
19568,Darius Miller
19612,Malcolm Miller
19613,Malcolm Miller
19624,Mike Miller
19634,Quincy Miller
19687,Elijah Millsap
19689,Paul Millsap
19795,Donovan Mitchell
19796,Donovan Mitchell
19849,Tony Mitchell
19850,Tony Mitchell
19851,Tony Mitchell
19937,Malik Monk
19948,Greg Monroe
20075,E'Twaun Moore
20195,Eric Moreland
20285,Darius Morris
20299,Marcus Morris
20300,Markieff Morris
20303,Monte Morris
20306,Randolph Morris
20319,Adam Morrison
20334,Anthony Morrow
20410,Johnathan Motley
20422,Arnett Moultrie
20474,Shabazz Muhammad
20519,Xavier Munford
20558,Erik Murphy
20562,Kevin Murphy
20587,Dejounte Murray
20595,Jamal Murray
20613,Toure' Murry
20616,Mike Muscala
20670,Hamady N'Diaye
20686,Abdel Nader
20708,Larry Nance
20715,Shabazz Napier
20778,Maurice Ndour
20791,Gary Neal
20864,DeMarcus Nelson
20876,Jameer Nelson
21017,Georges Niang
21038,Demetris Nichols
21052,Andrew Nicholson
21137,Joakim Noah
21150,David Noel
21151,David Noel
21156,Nerlens Noel
21242,Steve Novak
21278,James Nunnally
21295,David Nwaba
21350,J.J. O'Brien
21357,Johnny O'Bryant
21359,Patrick O'Bryant
21382,Royce O'Neale
21393,Kyle O'Quinn
21438,Daniel Ochefu
21453,Greg Oden
21536,Semi Ojeleye
21545,Emeka Okafor
21546,Emeka Okafor
21549,Jahlil Okafor
21602,Victor Oladipo
21694,Kelly Olynyk
21715,Arinze Onuaku
21716,Chinanu Onuaku
21774,Daniel Orton
21840,Kelly Oubre
21859,Andre Owens
21860,Andre Owens
21862,Chris Owens
21872,Larry Owens
21873,Larry Owens
21943,Marcus Paige
22019,Jannero Pargo
22020,Jeremy Pargo
22057,Jabari Parker
22085,Smush Parker
22090,Tony Parker
22128,Chandler Parsons
22188,Lamar Patterson
22191,Patrick Patterson
22220,Brandon Paul
22224,Chris Paul
22252,Adreian Payne
22255,Cameron Payne
22278,Elfrid Payton
22279,Gary Payton
22397,Desmond Penigar
22469,London Perrantes
22534,Alec Peters
22790,Kevinn Pinkney
22827,Dexter Pittman
22872,Marshall Plumlee
22873,Mason Plumlee
22874,Miles Plumlee
22891,Jakob Poeltl
22949,Quincy Pondexter
23029,Otto Porter
23039,Bobby Portis
23081,Leon Powe
23091,Dwight Powell
23097,Josh Powell
23098,Josh Powell
23101,Kasib Powell
23109,Norman Powell
23113,Roger Powell
23134,Alex Poythress
23164,Phil Pressey
23187,A.J. Price
23217,Ronnie Price
23301,Gabe Pruitt
23336,Jacob Pullen
23373,Tim Quarterman
23398,Chris Quinn
23415,Ivan Rabb
23529,Chasson Randle
23531,Julius Randle
23535,Anthony Randolph
23542,Shavlik Randolph
23543,Zach Randolph
23578,Andy Rautins
23594,Allan Ray
23662,J.J. Redick
23696,Justin Reed
23717,Willie Reed
23781,Ryan Reid
23792,Jared Reiner
23921,Glen Rice
23945,Chris Richard
24000,Jason Richardson
24003,Josh Richardson
24010,Malachi Richardson
24073,Luke Ridnour
24165,Austin Rivers
24202,Andre Roberson
24203,Anthony Roberson
24204,Anthony Roberson
24224,Brian Roberts
24246,Lawrence Roberts
24292,Bernard Robinson
24334,Glenn Robinson
24381,Nate Robinson
24407,Thomas Robinson
24574,Rajon Rondo
24596,Derrick Rose
24668,Terrence Ross
24725,Brandon Roy
24744,Terry Rozier
24795,Brandon Rush
24811,D'Angelo Russell
24829,Walker Russell
24890,Domantas Sabonis
24894,Robert Sacre
24986,JaKarr Sampson
24987,Jamal Sampson
25009,Samardo Samuels
25054,Larry Sanders
25057,Melvin Sanders
25234,Luke Schenscher
25396,Mike Scott
25397,Mike Scott
25398,Mike Scott
25399,Mike Scott
25400,Mike Scott
25506,Josh Selby
25508,Wayne Selden
25553,Ramon Sessions
25597,Mustafa Shakur
25630,Walter Sharpe
25828,Iman Shumpert
25838,Pascal Siakam
25872,Xavier Silas
25895,Wayne Simien
25899,Ben Simmons
25903,Cedric Simmons
25927,Jonathon Simmons
25934,Kobi Simmons
26013,Courtney Sims
26020,Henry Sims
26048,Kyle Singler
26052,Sean Singletary
26053,Chris Singleton
26058,James Singleton
26088,Peyton Siva
26160,Donald Sloan
26183,Marcus Smart
26264,Chris Smith
26265,Chris Smith
26267,Chris Smith
26268,Chris Smith
26269,Chris Smith
26278,Craig Smith
26332,Greg Smith
26333,Greg Smith
26334,Greg Smith
26363,Jason Smith
26377,Jerry Smith
26378,Jerry Smith
26392,Josh Smith
26461,Mike Smith
26462,Mike Smith
26463,Mike Smith
26464,Mike Smith
26465,Mike Smith
26466,Mike Smith
26467,Mike Smith
26477,Nolan Smith
26510,Russ Smith
26532,Steven Smith
26606,Tony Snell
26625,Kirk Snyder
26714,James Southerland
26722,Pape Sow
26776,Marreese Speights
26989,Nik Stauskas
27049,D.J. Stephens
27075,Lance Stephenson
27077,Alex Stepheson
27182,Greg Stiemsma
27217,David Stockton
27233,Jarnell Stokes
27249,Diamond Stone
27251,Julyan Stone
27277,Salim Stoudamire
27313,D.J. Strawberry
27368,Rodney Stuckey
27421,Jared Sullinger
27456,DaJuan Summers
27533,Caleb Swanigan
27552,Mike Sweetney
27625,Chris Taft
27725,Jayson Tatum
27775,Donell Taylor
27786,Isaiah Taylor
27787,Isaiah Taylor
27793,Jeffery Taylor
27795,Jermaine Taylor
27825,Mike Taylor
27826,Mike Taylor
27872,Tyshawn Taylor
27891,Jeff Teague
27893,Marquis Teague
27922,Garrett Temple
27960,Hasheem Thabeet
28002,Adonis Thomas
28074,Isaiah Thomas
28075,Isaiah Thomas
28082,James Thomas
28083,James Thomas
28117,Lance Thomas
28118,Lance Thomas
28123,Malcolm Thomas
28124,Malcolm Thomas
28193,Trey Thompkins
28230,Dijon Thompson
28238,Hollis Thompson
28243,Jason Thompson
28244,Jason Thompson
28245,Jason Thompson
28258,Klay Thompson
28272,Mychel Thompson
28298,Tristan Thompson
28299,Tristan Thompson
28318,Al Thornton
28331,Marcus Thornton
28332,Marcus Thornton
28333,Marcus Thornton
28344,Sindarius Thornwell
28448,Mike Tobey
28488,Anthony Tolliver
28573,Karl-Anthony Towns
28728,Alando Tucker
28749,P.J. Tucker
28774,Ronny Turiaf
28797,Evan Turner
28816,Myles Turner
28898,Edwin Ubiles
28909,Ekpe Udoh
28929,Tyler Ulis
28981,Jarrod Uthoff
28987,Ben Uzoh
29002,Denzel Valentine
29097,Fred VanVleet
29105,Jarvis Varnado
29113,Greivis Vasquez
29132,Rashad Vaughn
29234,Charlie Villanueva
29288,Noah Vonleh
29308,Jackson Vroman
29313,Nikola Vucevic
29346,Dwyane Wade
29358,Von Wafer
29365,Dajuan Wagner
29379,Dion Waiters
29380,Dion Waiters
29466,Kemba Walker
29509,John Wall
29574,Matt Walsh
29604,Derrick Walton
29654,Casper Ware
29703,T.J. Warren
29705,Willie Warren
29707,Hakim Warrick
29735,Darius Washington
29827,Darryl Watkins
29850,C.J. Watson
29862,Earl Watson
29924,Maalik Wayns
29925,David Wear
29926,Travis Wear
29957,Kyle Weaver
29989,Briante Weber
30013,Sonny Weems
30116,Delonte West
30127,Mario West
30141,Russell Westbrook
30163,Robert Whaley
30227,D.J. White
30234,Derrick White
30257,James White
30258,James White
30291,Okaro White
30298,Rodney White
30303,Royce White
30326,Isaiah Whitehead
30339,Hassan Whiteside
30367,Shayne Whittington
30397,Andrew Wiggins
30426,C.J. Wilcox
30427,Chris Wilcox
30447,Jacob Wiley
30448,Jacob Wiley
30523,Alan Williams
30524,Alan Williams
30573,C.J. Williams
30574,C.J. Williams
30633,Deron Williams
30634,Derrick Williams
30635,Derrick Williams
30661,Elliot Williams
30673,Frank Williams
30722,Jawad Williams
30750,Jordan Williams
30751,Jordan Williams
30752,Jordan Williams
30759,Justin Williams
30760,Justin Williams
30761,Justin Williams
30762,Justin Williams
30812,Marcus Williams
30813,Marcus Williams
30814,Marcus Williams
30815,Marcus Williams
30820,Marvin Williams
30821,Marvin Williams
30822,Marvin Williams
30824,Matt Williams
30825,Matt Williams
30826,Matt Williams
30841,Mo Williams
30842,Mo Williams
30876,Reggie Williams
30878,Reggie Williams
30879,Reggie Williams
30897,Sean Williams
30902,Shawne Williams
30903,Shelden Williams
30920,Terrence Williams
30921,Terrence Williams
30936,Troy Williams
31047,D.J. Wilson
31081,Jamil Wilson
31153,Kyle Wiltjer
31188,Justise Winslow
31245,Jeff Withey
31290,Nate Wolters
31301,Christian Wood
31448,Antoine Wright
31449,Bracey Wright
31450,Brandan Wright
31459,Chris Wright
31460,Chris Wright
31469,Delon Wright
31496,Julian Wright
31542,Tony Wroten
31688,James Young
31694,Joe Young
31695,Joe Young
31696,Joe Young
31719,Nick Young
31726,Sam Young
31731,Thaddeus Young
31801,Cody Zeller
31802,Luke Zeller
31803,Tyler Zeller
20984,Devin Newsome
26819,Trey Spencer
20944,Lavar Neufville
8494,Rod Emmanuel
19921,Wadly Mompremier
4492,Khalid Campbell
9762,Alhaji Fullah
24076,John Riek
8776,Keandre Fair
2536,Sheldon Blackwell
24022,Carl Richburg
5420,Adenilson Clementino
18890,Keegan McDowell
10265,Mbiyimoh Ghogomu
8643,Alex Evans
24058,Maurice Riddick
29033,Nnamdi Van Dulm
23551,Mike Ranson
11526,Jermaine Haley
9116,Anthony Fisher
16898,Cameron Ledford
26323,Everett Smith
4826,Kyron Cartwright
14916,Reggie Johnson
11934,Jason Harrell
24726,Darius Roy
17893,Majok Majok
2084,Terrell Bell
13573,Theryn Hudson
13129,Brayden Holker
26719,Tadeu Souza
28189,Phillip Thomasson
13972,Terrell Ivory
2481,Anthony Black
13323,Jim Hooper
2344,Braxton Beverly
3923,Dominique Buckley
6690,Bobby Davenport
25295,Andreas Schreiber
9056,Matt Fields
30363,Tafari Whittingham
10543,Sarp Gobeloglu
245,Moses Aguko
7553,Frankie Dobbs
24580,Jordan Roper
20548,Billy Murphy
18608,Bryant McAllister
11048,John Green
8932,Ari Feldman
6846,Justin Davis
23666,Avery Redmond
8091,Tony Eackles
21497,Kenneth Ogbe
10655,Brendon Gooch
4810,Vonte Carter
19222,Joe McNeal
30771,Keith Williams
22954,Tyler Ponticelli
464,Angelo Allegri
14698,Darien Johnson
21493,Kwame Ofori
841,Jesper Andersson
3660,Kris Brown
13199,Patrick Holloway
20973,Joseph Newman
28977,Samson Usilo
15571,Elliott Kampen
19745,Randy Minto
28437,Antoine Tisby
479,Brandon Allen
6866,Leroy Davis
7513,Nigel Dixon
29311,Sergej Vucetic
28651,Austin Trice
12116,Sydmill Harris
6012,Jason Cornute
25843,Devin Sibley
6578,Mike Dames
5881,Will Cook
423,Kenneth Alexander
23705,Nathanael Reed
13229,Deion Holmes
27771,Deshon Taylor
10018,Reggie Gardner Jr
1683,Markius Barnes
5268,Manroop Clair
2681,Mame Bocar Ba
2597,David Blanks
9709,Elvar Fridriksson
5354,Tristan Clark
22553,Tre Peters
10909,Malcolm Grant
26027,Nathaniel Sims
12318,Ja'Cardo Hawkins
21606,Tyler Olander
2952,Shamarr Bowden
17783,Ethan Mackey
2098,Brian Beloin
2732,Adam Bohac
31838,Vinny Zollo
12834,Ryan Hiepler
4398,Omar Calhoun
3371,Miles Brookins
23884,M.J. Rhett
20539,Kevin Murawinski
19340,Brett Melton
25345,Arnel Scott
31304,Jeremiah Wood
5276,Gus Clardy
8399,Wally Ellenson
9590,Brett Frantz
28677,Dan Trist
12440,Ben Hazel
24862,John Ryan
10813,Chris Gradnigo
4309,Marcus Byrd
20621,Federico Mussini
3844,Jibri Bryan
13136,Elijah Holland
19029,Corey McIntosh
3207,Brad Brechting
11429,Felipe Haase
6989,David Day
21795,Nick Osborne
13186,Tyler Hollist
13931,Aleksandar Isailovic
2228,Ali Berdiel
13426,Quinton Hosley
13498,Myles Howard
10218,Bradley George
10380,Chris Giles
10121,Gerrale Gates
7088,David Dejulius
716,Alex Anderson
13022,Dustin Hobaugh
25142,Zisis Sarikopoulos
29216,Nick Victor
7103,Paul Delaney
709,Regan Andersen
3533,Craig Brown
940,Justin Anyijong
5154,Torin Childs-Harris
7291,Idy Diallo
21112,Dalton Nixon
14179,Ollie Jackson
21089,Irakli Nijaradze
14950,Stefon Johnson
12846,Mike Higgins
26697,Josh Soto
17970,Sam Manhanga
15856,Jim Kessenich
18357,Kevin Massiah
9583,Brian Franklyn
30850,Nick Williams
22825,Rio Pitt
3195,Zach Braxton
2439,Brad Birton
21599,Ryan Okwudibonye
26561,Tyson Smith
6768,Daryl Davis
22427,Anthony Perez
28202,Anthony Thompson
5847,Ahmaad Cook
858,Austin Andrews
7910,Vaughn Duggins
10323,Tanner Gibson
18359,Kyle Massie
30430,Cole Wilder
24538,Nate Rohnert
7401,Da'Veed Dildy
28345,Cam Thoroughman
24114,DeForrest Riley-Smith
2991,Craig Bowman
14614,Anthony Johnson
10189,Thomas Gehrke
15744,Curtis Kelly
7209,Keron DeShields
13291,Stanley Honorat
13918,UC Iroegbu
15935,Callum Kimberley
14360,Rand Janes
27875,Xzavier Taylor
19589,James Miller
2457,Tony Bishop
7453,Djibril Diop
271,Justin Ahrens
1051,Kevin Aronis
7920,Johnny Dukes
27602,Ryan Sypkens
21661,Anthony Oliver II
6568,Ty Dalton
22444,Aleks Perka
12220,Ben Harvey
21966,Elijah Palmer
3419,Melvin Brooks
8002,Dodie Dunson
25865,Rob Sikes
26540,Thaddeus Smith
30316,Wendell White
26219,Andy Smith
14650,Bryson Johnson
12080,Matt Harris
22860,Brendan Plavich
8231,Chris Edwards
18396,Demarcus Mathis
16532,Zeno Lake
30515,Aaron Williams
11453,Ludmil Hadjisotirov
14621,Antonio Johnson
13012,Alonzo Hird
7354,Matt Dickey
29470,Lucas Walker
14586,A.J. John
15081,Ashton Jones
6789,Elijah Davis
31190,Deschon Winston
31242,Shawn Witherspoon
26241,Brandon Smith
4956,Cam Chambers
20457,Alex Mudronja
3553,Deleon Brown
18043,Roy Devyn Marble
5240,Lee Church
25095,Blake Sanford
11379,Tommy Gunn
3153,Sam Brand
21542,Nkem Ojougboh
17814,Kareem Maddox
18137,Morris Marshall
17368,Anthony Locke
25794,Steadman Short
1762,Josh Bartelstein
16012,Stephen King
15294,Randy Jones
21874,Leonard Owens
6064,Ricky Cottrill
786,Keenen Anderson
21686,Taylor Olson
3750,Terrell Brown
1052,Aguek Arop
2044,DaMarcus Bell
26554,Tristan Smith
30155,Yanni Wetzell
4463,Alonzo Campbell
26499,Rashid Smith
9588,Robert Franks
3488,Blake Brown
1291,Catalin Baciu
16125,Connor Klementowicz
9649,Alvin Freeman
24298,Bryson Robinson
14214,Traevon Jackson
24065,Desmond Ridenour
5781,Maurice Commander
13539,Mike Hubbard
25059,Nakye Sanders
8519,Timothy Englert
16836,Ethan Layer
3949,Dante Buford
17245,Brian Lillis
23795,Marc Reininger
23849,Darryl Reynolds
13658,John Humphrey
9882,Troy Gaines
1843,Riley Battin
2721,Milos Bogetic
17178,Reggie Lewis
30083,Stef Welsh
19877,Thomas Mobley
1602,Derrick Barden
10023,K.J. Garland
9501,Jordan Fox
23972,Xavier Richards
4522,Quin Canada
11025,Dorian Green
11677,Troy Hamlett
24297,Bryan Robinson
32,Muhammad-Ali Abdur-Rahkman
4576,Courtney Captain
21823,Dezon Otis
11198,Darrion Griffin
7375,Yamar Diene
10696,Gil Goodrich
771,Jeremy Anderson
21236,JD Notae
29296,Riley Voss
30203,Andre White
24976,Cliff Sammet
21082,Travis Niesen
5951,Alex Copeland
31276,Josh Wolf
6319,Yannick Crowder
5879,Trevor Cook
585,Mike Allison
4392,Dominic Calegari
16826,Luke Lawson
23250,J.P. Prince
2418,Corey Bingham
23612,Jantzen Raymond
10011,Matt Gardner
13483,Jordan Howard
3342,Marcus Brock
13853,Chris Iles
25823,Jovonni Shuler
18283,Jose Martinez
31095,Justin Wilson
29959,Nick Weaver
30663,Elyjah Williams
5190,Caleb Chowbay
25133,Guy Saragba
24540,Lazaro Rojas
7533,Nikola Djogo
31645,Tyler York
20395,Michael Moss
22756,C.J. Pigford
22970,Isaiah Poor Bear-Chandler
789,Kevin Anderson
18180,Chris Martin
23199,Duriel Price
14303,Daniel James
6751,Chandler Davis
28204,Basil Thompson
4034,Tyler Burgess
27626,Harrison Taggart
11745,Zach Haney
8523,Bruce English
30302,Ronrico White
5889,Allyn Cooks
19563,Cookie Miller
29593,Shaquille Walters
4480,Folarin Campbell
17631,Korie Lucious
22979,Jamar Pope
15103,Carlik Jones
27365,Ethnie Stubbs
27610,Patrick Szpir
28606,Joe Trapani
2677,C.J. Bobbitt
7274,Mamadou Diakhate
19856,Kevin Mitchem
13736,Sammy Hunter
13690,Jesse Hunt
30355,Logan Whitman
6798,Gerad Davis
3934,Reginald Buckner
26154,Tavon Sledge
3863,Jared Bryant
14925,Robert Johnson
25097,Jaelan Sanford
7852,Anthony Drmic
18014,Chris Manresa
30299,Romello White
16571,Clark Lammert
5043,Yann Charles
26934,Andre Stanley
9265,Joel Flowers
23077,Andrew Poulter
14070,Desmond Jackson
14041,Clarence Jackson
13296,Carl Hood
7722,Myles Douglas
2204,Jon Bentley
9471,Aaron Foster-Smith
21651,Melvyn Oliver
11414,T.J. Gwynn
8552,Rob Eppinger
4596,Michael Carey
23829,Ben Resner
12989,Corey Hinnant
31758,Temidayo Yussuf
20512,Kahlil Mumford
13751,Richard Hurd
22735,Dorian Pierce
13374,Keegan Hornbuckle
22645,Devon Pflueger
25325,Joe Schwartz
29116,Johnnie Vassar
20472,Rashad Muhammad
20343,Willie Morse
11005,Brian Green
20658,Marius Myles
24386,Patrick Robinson
21483,Prince Oduro
18632,Austin McBroom
17890,Nameir Majette
15804,Darren Kennedy
6560,Steveroy Daley
20237,Melvin Morgan
3510,Carlon Brown
30098,Byron Wesley
13745,Eric Hunter Jr.
12945,Tito Hill
4990,Michael Chandler
3299,Tyler Brimhall
473,Ben Allen
18920,Rick McFadden
13852,Peace Ilegomah
9401,Mike Forkin
25408,Ricardo Scott
21259,Jon Nubine
17196,Tyler Lewis
11255,Garth Grindley
25989,Diamon Simpson
27139,Caleb Stewart
25770,Kevis Shipman
23461,Aaryn Rai
23333,John Puk
6088,Mark Coury
29814,Anton Waters
7055,Julian DeBose
19688,John Millsap
5547,Travis Cohn
20509,Jonathan Mulmore
10302,Drew Gibson
3242,Landrell Brewer
1221,Jalen Avery
22944,Marlon Pompey
13156,Jesse Holley
30249,Ivory White
6102,Garrett Covington
3725,Roland Brown
20137,Ronald Moore
13443,Alfonzo Houston
26943,Eddie Stansberry
6015,JR Coronado
10079,Hayes Garrity
1383,Stephen Baird
168,Rotolu Adebiyi
25917,Jackson Simmons
13937,Willy Isiani
20238,Mike Morgan
5412,Jim Clement
18395,Anthony Mathis
26429,Leslee Smith
6295,Cade Crosland
17201,Will Lewis
17690,Chris Lykes
1973,Trent Beckley
31323,Mike Woodard
20143,Steven Moore
414,Jerome Alexander
17252,Anthony Lindauer
10467,James Gist
29539,Lathen Wallace
2174,Ryan Bennett
2632,David Bloom
7947,Bernard Duncan
8391,Ben Elias
3078,Evan Bradds
12955,Idris Hilliard
19308,Kennedy Meeks
6737,Brandon Davis
20817,Derek Needham
27291,Chris Stowell
1871,David Bauman
11888,Malik Harmon
8401,Brandon Ellerbee
14339,Roderick James
14994,Tyrell Johnson
20540,Ben Murdock
14741,Garrett Johnson
15220,Josh Jones
15402,Pierre Jordan
8889,Mouhammad Faye
2870,Lawrence Borha
30865,Pooh Williams
30402,Demajeo Wiggins
5809,Tyrone Conley
6921,Shaheed Davis
1674,John Barnes
8975,Darnell Ferguson
15563,Matt Kamieniecki
7717,James Douglas
20316,Tyler Morris
19868,Ugo Mmonu
27546,Iziahiah Sweeney
25660,Marial Shayok
12201,Chris Hartley
1479,Jack Ballantyne
9842,Dee Gadsden
10396,Bik Gill
12812,Jordan Hicks
12599,Nick Hendra
18663,Reco McCarter
19736,Anthony Minor
15315,Skylar Jones
698,Bo Amusa
20135,Rashad Moore
30265,Josh White
10351,Andre Gilbert
4025,Chris Burgess
25752,Kraig Shields
162,Jalen Adaway
13385,Paris Horne
19216,Chris McNaughton
485,Bryon Allen
19844,Steffon Mitchell
15736,Amari Kelly
16574,Josh Lamons
1551,Sean Banks
15489,Matey Juric
10592,Shandon Goldman
23065,Liam Potter
25756,Drew Shiller
26051,Mike Singletary
1622,Riley Barker
5780,John Comfort
21145,LeRoy Nobles
4130,Shane Burrell
13401,Montrell Horsey
14117,Joe Jackson
19552,Brandon Miller
19895,Alvin Mofunanya
15428,Jay Joseph
7693,Josh Dotzler
2673,Bennie Boatwright
15895,Matt Kiefer
1377,Tirrell Baines
15098,Cameron Jones
145,Shelby Adams
8736,Elochukwu Eze
10212,Josh Gentry
2798,D.J. Boney
30077,Oliver Wells
18669,Matthew McCarthy
19099,Jayveous McKinnis
18063,Marin Maric
11776,Travis Hanour
565,Timmy Allen
31218,Jamaal Wise
15517,Francis Kabore
17379,Trent Lockett
3730,Ryan Brown
30518,Adam Williams
1630,Maurice Barksdale
1940,Terrance Beasley
1954,Vangelis Bebis
23488,Victor Ramalho
3701,Orlando Brown
30781,Kenrich Williams
16,Ty Abbott
483,Brendan Allen
21344,"Charles O'Bannon, Jr."
27801,Jon Taylor
11112,Josh Greenberg
22024,T.J. Parham
7404,Max DiLeo
28281,Ryan Thompson
10997,Anthony Green
6693,J.J. Davenport
22343,Tim Peete
3693,Monty Brown
27839,Quentin Taylor
19904,Sammy Mojica
28511,Ty Toney
51,Albert Abrahams
17556,Loudon Love
30801,Lawrence Williams
26980,Erwin Staten
13816,Adedeji Ibitayo
22251,Bryant Paylor
11970,Blake Harris
15645,Pete Kathopoulis
6184,Ted Crass
27645,Zoran Talley
10173,Carlton Geathers
17454,Drew Long
20824,Marsharee Neely
4357,Morris Cain
221,Akoy Agau
20372,DeVon Mosley
27039,Jackson Stent
6935,Trey Davis
30606,D.J. Williams
11557,Hari Hall
25469,Derek Sebastian
28425,Javin Tindall
19837,Robert Mitchell
4528,Bryce Canda
26737,Randy Spaid
8204,Tarekeyi Edogi
9379,Spencer Ford
19111,Derek McKnight
5930,Kenny Cooper
22846,Holden Plack
20242,Reese Morgan
27579,Bandja Sy
8154,Osas Ebomwonyi
19344,Sterling Melville
19030,L.J. McIntosh
2498,Ray Blackburn
5765,Chris Colvin
19415,Nikita Mescheriakov
21480,Sheu Oduniyi
8027,Shaun Durant
24269,Hugh Robertson
3186,Chris Braswell
3464,Alec Brown
12216,Jamal Hartwell II
1388,John Bajda
7026,Caleb Dean
25205,Tyler Scanlon
21608,Elijah Olaniyi
8722,Austin Ewing
7794,Balsa Dragovic
12052,Joseph Harris
3269,Earnest Bridges
17418,Jake Lohrbach
20473,Saadiq Muhammad
28840,Kiel Turpin
23855,J.R. Reynolds
23202,Jeffrey Price
3026,Julian Boyd
2088,Will Bell
31136,Shawn Wilson
22210,Mark Patton
28260,Landy Thompson
14757,Isaiah Johnson
8078,Adam Dykman
17397,Justin Loewe
30637,Devaugntah Williams
15835,Tyrone Kent
22488,Jack Perry
9746,Ja'Dante' Frye
31725,Ross Young
1931,Davonte Beard
4334,Matt Cadwell
19175,Carter McMasters
27789,Jacquil Taylor
28583,Todd Townsend
16192,Ben Knox
8723,Brandon Ewing
18532,Tim Mayes
20609,Nile Murry
22246,Jon Pawlak
13565,Doyle Hudson
449,Jihad Ali
13139,Justin Holland
431,Ronald Alexander
1736,Kimmani Barrett
12681,Aaron Henson
24602,Kavon Rose
24248,Marvin Roberts
28455,J.J. Todd
22051,Darius Parker
23943,Breamon Richard
2656,Trevon Bluiett
20657,Juevol Myles
14135,Kendall Jackson
16455,Karolis Kundrotas
855,Derick Andrew
30233,Decensae White
25301,Jake Schroeder
22522,Darrin Person Jr.
13781,Robert Hutchinson
14327,Lacey James
10134,DeMarcus Gatlin
21376,Matt O'Leary
5825,Jake Connor
15777,Chris Kemp
14804,Jordan Johnson
650,Jeff Alvis
18121,Harry Marshall
16526,De'Quon Lake
16507,Patrick Lacy
7882,Alex Dubovitskiy
11600,Trinity Hall
1310,Jonathan Baehre
13717,Fred Hunter
25768,Ridge Shipley
24809,Cedric Russell
24923,Aakim Saintil
16283,John Kopriva
19699,Abray Milson
14405,Jonathan Jean
15522,Chim Kadima
7446,Jerrell Dinkins
22812,Zach Pirog
16644,Ryan Lange
29708,Shaun Warrick
2082,Talmadge Bell
10611,Reggie Golson
30342,Flenard Whitfield
16402,Dave Krmpotich
22036,Antwon Parker
10247,Michael Gerrity
14887,Myles Johnson
641,Ethan Alvano
18418,Michael Matlock
19565,D'Juan Miller
4421,Allen Calloway
23532,Monwell Randle
11203,Dondre Griffin
21672,Sergio Olmos
8045,Zach Durkee
27603,Miklos Szabo
6906,Raasean Davis
5061,Dainius Chatkevicius
8847,Danny Farrell
5166,Zach Chionuma
383,Shakeem Alcindor
21229,John Norvel
8557,Jason Epps
2771,Darius Bolstad
6696,Kyvon Davenport
13755,John Hurley
5837,Evan Conti
6880,Marlo Davis
11163,Trevor Gregory
18985,Nick McGlynn
22506,Rinardo Perry
5371,Karron Clarke
21883,Tim Owens
7594,Johannes Dolven
10466,Asante Gist
10571,Jim Goffredo
6717,A.J. Davis
19694,Milos Milosevic
21096,Niksa Nikolic
3574,Frank Brown
28059,Elijah Thomas
6265,Anthony Criswell
4274,Charlie Byers
28163,Shirmane Thomas
26687,Benjamin Sormonte
31027,Andrew Wilson
23261,Rogers Printup
3889,Tony Bryer
24948,Tyrone Sally
10967,Mark Gray
19018,Markese McGuire
4634,Jordan Caroline
30659,Ed Williams
8356,Melvin Ejim
29480,Mike Walker
10197,Harris Gelin
15950,Andy King
3445,Daniel Broughton
3232,Martin Breunig
13306,Ricky Hood
16334,Ivan Kovacevic
9731,Wesley Fritz
14326,K.J. James
1537,Dwayne Banks
12267,Willie Hassell
26074,Cory Sinning
19156,DeEarnest McLemore
1459,Diante Baldwin
2530,C.J. Blackwell
14388,Robert Jarvis
26589,Cassius Smits-Francisco
11482,Benedikt Haid
19324,Youssef Mejri
12200,Michael Harthun
907,Christopher Anrin
3639,Justin Brown
17423,Chris Lollar
29531,Josh Wallace
11634,Blake Hamilton
5826,Keith Connor
29816,Charles Waters
1092,Ivan Aska
13,Kevin Abanobi
15809,James Kennedy
21785,Trevor Osborn
21492,Edwin Ofori
8263,Kessler Edwards
25576,Collin Sexton
19961,Shawn Montague
18664,Acoydan McCarthy
14267,Brock Jacobson
18289,Roman Martinez
19820,Marqus Mitchell
20034,Brandon Moore
19361,Javier Mendiburu
17872,Denzel Mahoney
24227,Cleon Roberts
6833,Jonathan Davis
14947,Stan Johnson
19168,Ryan McMahon
21240,Ayoub Nouhi
7705,Branden Doughty
3203,Orlando Brazier
10811,Khalil Gracey
31294,Tione Womack
20574,Ryan Murphy
19973,Carl Montgomery
31720,Patric Young
16872,Bryce Leavitt
13704,Andrew Hunter
30965,Joseph Williams-Powell
21020,Moulaye Niang
16154,Dominic Knight
9194,Joseph Flegler
24884,Morgan Sabia
15119,Cory Jones
29974,James Webb
837,YaYa Anderson
25148,Adrian Satchell
468,Andre Allen
5571,C.J. Cole
2008,Tom Behrens
25254,Chris Schlatter
11621,Todd Halvorsen
25240,Reggie Schickel
16412,Brandon Krug
3136,Noah Bramlage
24339,Jalen Robinson 
21416,Justice Obasohan
6237,Kirk Crecco
639,Seye Aluko
3711,Rakeen Brown
20267,Will Morning
24763,Solomon Ruddell
16835,Travis Lay
5141,Justin Chiera
8824,Terrance Farley
15969,Immanuel King
12579,Markell Henderson
6501,Jordan Cyphers
4976,Brett Chance
27346,Marcus Stroman
20786,Cullen Neal
11063,Lee Green
26500,Reggie Smith
27903,Blaine Teeter
1438,Steve Baker
27917,Troy Temara
8132,Byron Eaton
6323,Timmy Crowell
16993,Alex Legion
21611,Amos Olatayo
21740,Hermann Opoku
2023,Ryan Belcher
27932,Christian Terrell
30192,James Whitaker
18835,Brett McDade
21704,Justin Omogun
20573,Ryan Murphy
31309,Scott Wood
29254,Terrance Vinson
5827,Richard Connor
29860,Donta Watson
5431,Everett Clemons
3270,James Bridges
13860,Sean Imadiyi
30357,Martin Whitmore
28897,Brandon Ubel
26933,Zydrunas Stankus
19518,Jamar Miles
3517,Chas Brown
25178,George Savage
7558,Eric Dobson
13878,Andre Ingram
20342,Vado Morse
10280,Aaron Gibbs
4278,Tyjhai Byers
18058,Matt Maresca
17459,Jeremy Long
31386,Dominic Woodson
11659,Kevin Hamilton
21988,Kevin Pangos
13286,Jared Homan
24610,Robert Rose
6565,Jonathan Dalton
3561,Devonte Brown
27662,Alton Tanner
13397,Pierce Hornung
28442,Matt Titchenal
17946,Nick Malonga
22799,Luke Piotrowski
28752,Rico Tucker
14480,Colby Jenkins
25637,Anthony Shavies
25121,Aamahne Santos
180,Seth Adelsperger
26713,Michael Southall
7142,Abebe Demissie
26308,Donte Smith
30225,Curtis White
15742,C.J. Kelly
4447,Brandon Cameron
13505,Rob Howard Jr.
8649,Brandon Evans
4271,Brandon Byars
7651,Kevin Dorsey
26031,Ryan Sims
5586,Jarryd Cole
30259,Jared White
5584,Fred Cole
10663,Derrick Goode
7225,Jason Deutchman
26263,Charles Smith
8148,James Ebert
9203,Don Fleming
22807,Kavion Pippen
4248,Santoine Butler
27011,Patrick Steeves
30079,Elliott Welmer
25744,Mike Sherrod
10570,Kevin Goffney
2613,Kevin Bleeker
28744,Jordan Tucker
11301,Andy Grunst
15231,Kenny Jones
10200,Grant Gelon
30142,Brendan Westendorf
7394,Jamar Diggs
5983,Thiago Cordeiro
13523,Jordan Howenstine
27118,Matt Stevenson
16084,Nelson Kirksey
24197,Kyle Robbins
7293,Samba Diallo
31562,Chad Wynn
3298,Amida Brimah
10324,Ty Gibson
22503,Nate Perry
18319,Jefferson Mason
29474,Martez Walker
14926,Robert Johnson
11644,Gary Hamilton
20227,Josh Morgan
21394,Lucas O'Rear
22465,Russell Permenter
14970,Tihon Johnson
27402,Gerardo Suero
9733,Richie Frohlich
10820,Kurt Graeber
8370,Saj El-Amin
8147,Sheldon Eberhardt
18455,Preston Mattingly
11767,Stefhon Hannah
5239,Kyle Church
6532,Daniel Daccarett
30766,Kam Williams
7451,Daniel Dion
4725,Clement Carter
15483,Travis Julien
21654,Rasheed Oliver
2590,Jaylen Bland
20301,Matt Morris
1864,Beau Bauer
22100,Deriece Parks
401,Chris Alexander
29511,Andre Wallace
25389,Julian Scott
10318,Percy Gibson
20866,Derick Nelson
23189,Anthony Price
23383,Neemias Queta
23987,Darius Richardson
15135,Davon Jones
7122,Michael Deloach
6884,Miah Davis
13845,Emeka Ikezu
17905,Chier Maker
20281,Carlos Morris
79,Maurice Acker
28000,Adam Thomas
24222,Brandon Roberts
30443,Derrick Wiley
20939,Cameron Nettles
31489,Jay Wright
6605,Caleb Daniels
17377,Josh Lockett
21971,Marcus Palmer
28347,Geno Thorpe
5568,Brandon Cole
1127,Devon Atkinson
10149,Alex Gavrilovic
13433,Andrew House
12810,Izais Hicks
10881,Jeremy Granger
25811,Matt Shrigley
23413,Darius Quisenberry
29478,Mike Walker
15208,Jimmie Jones
4590,Jalen Carethers
26180,John Smart
10445,Terron Gilmore
18813,Chaz McCrommon
4167,Marcus Burton
26064,Nick Singleton
11927,Travon Harper
25233,Tim Schenke
21825,Nick Otis
27059,Kendall Stephens
23902,Nicholas Rhodes
6477,Tristian Curtis
11981,Colin Harris
4984,John Chandler
3621,Jerry Brown
11727,Jim Hanchett
8697,Tre Evans
17404,Zach Lofton
1235,Ishmael Awange
7838,Lindsey Drew
31311,Surry Wood
29946,Nick Weatherspoon
13349,Ryan Hopkins
13694,Kyle Hunt
16042,Erik Kinney
3901,Chris Buchanan
15723,Kylor Kelley
23382,Mike Queenan
9500,Isaiah Fox
21711,Tylor Ongwae
30028,Nick Weiler-Babb
1628,C.J. Barksdale
7516,Ronnie Dixon
10701,Darren Goodson
4605,Matt Carlino
28802,Jamal Turner
2984,Eric Bowles
22029,David Paris
21511,Jesse Oglesby
27761,D'Shon Taylor
15512,Mfiondu Kabengele
20676,Lucas N'Guessan
25524,Jean Selus
15540,Jonathan Kale
25464,Justin Sears
29589,Mark Walters
1606,Martynas Bareika
10959,Juwan Gray
9243,Warren Flood
29119,Steve Vasturia
6571,Sam Daly
28646,Deon Tresvant
9940,Daivon Gamble
1933,Nashid Beard
20141,Steve Moore
10656,Ethan Good
14843,Lanerryl Johnson
16623,Khadre Lane
28480,Jonathan Toles
28865,Jekore Tyler
31260,Casey Wohlleb
3037,Tray Boyd III
2539,Tucker Blackwell
20184,Demetris Morant
24148,Laurent Rivard
9308,Adam Folker
3057,Kenny Boynton
12839,Jack Higgins
22696,Turner Phipps
16790,Gary Lawrence
27869,Troy Taylor
24431,Julian Roche
12767,Uriah Hethington
5345,Raiquan Clark
2730,Jeremy Bogus
17071,Johnnie Lett
29725,Anthony Washington
14288,Adam James
30992,Derek Willis
2610,Phil Bledsoe
8174,Paul Eckerle
1130,Paul Atkinson
4921,Donald Ceasar
11775,Jake Hannon
9152,Davonte Fitzgerald
30173,Ben Wheeler
27429,Chris Sullivan
6960,Ricky Davison
3784,Charles Brown III
31338,Augustine Woodlin
13361,Noah Horchler
2846,Jeremi Booth
11186,Nick Grieves
12508,Eric Heil
3697,Nik Brown
4505,Pete Campbell
31570,Beckham Wyrick
9697,Joshua Friar
6216,Lance Crawford
10786,Max Gotzler
7821,Luka Drca
443,Othello Alford
1653,Auston Barnes
11645,Isaac Hamilton
31702,Keena Young
1639,Keenan Barlow
4268,Nigel Byam
2719,Ryan Bogdan
12682,Charles Henson
7974,Alex Dunn
17906,Esa Maki-Tulokas
28676,Jahlil Tripp
20322,Brian Morrison
31286,Andre Wolford
16435,Kris Kuhn
9974,Ron Garber
3234,Chris Brew
9541,Torin Francis
25867,Luke Sikma
10048,Darrius Garrett
15216,Jordan Jones
6471,Jonathan Curtis
4665,Vernon Carr
20626,Harouna Mutombo
29934,Travis Weatherington
17265,Merv Lindsay
15715,Brian Kelley
18072,Adam Mark
1664,Daniel Barnes
17200,Will Lewis
24262,Ben Robertson
22053,De'End Parker
25693,Nick Shelton
30345,Shane Whitfield
12019,Hunter Harris
7278,Mamadi Diakite
10588,Todd Golden
20492,Marin Mulic
6254,Brent Crews
7682,Devon Dotson
25932,Keenan Simmons
8107,DeLovell Earls
21461,Ken Odiase
10179,Bryan Gee
18005,Ryan Manning
20947,Nick Neumann
21390,Ben O'Neill
8260,Kedar Edwards
4458,Tim Cameron
19227,Daquein McNeil
23749,Quinston Reggins
4624,Cameron Carmical
18210,Jerron Martin
3473,Andy Brown
1296,Aaron Bacote
1054,Brent Arrington
26114,Davorin Skornik
12371,Jonas Hayes
26034,Wayde Sims
7499,James Dixon
6923,Shaun Davis
1981,Bryan Bedford
30353,Steven Whitley
19760,Matt Misko
24805,Antonio Russell
26523,Shawn Smith
4724,Chris Carter
2289,Reggie Berry
25778,SK Shittu
19945,Demetrius Monroe
30267,Justin White
4779,Nate Carter
9049,Jamel Fields
25092,Abdou Sane
19765,Akil Mitchell
11053,Justice Green
8618,Zak Estes
22260,Evan Payne
14874,Matthew Johnson
26581,D'Vauntes Smith-Rivera
4393,A'uston Calhoun
22012,Paul Paradoski
27696,Solomon Tat
3189,Dan Brault
25317,Michael Schulze
1833,J.P. Batista
31265,Szymon Wojcik
15609,Mario Karailiev
743,Costa Anderson
23215,Reggie Price
17050,Chris Leppanen
15822,Trey Kennedy
14114,Jermaine Jackson
30207,Austin White
23363,James Pyle
7316,Adrian Diaz
28791,Davion Turner
25970,KJ Simon
22184,Isiah Patterson
695,Asenso Ampim
25466,Azariah Seay
15646,Austin Katstra
29544,Patrick Wallace
14385,Lukas Jarrett
20099,Josh Moore
5773,Alex Comanita
18761,Matty McConnell
17794,Calum Macleod
787,Kevin Anderson
308,Jermaul Akanbi
26484,Pat Smith
3827,Torrion Brummitt
19410,Travis Mertens
12015,Geno Harris
5455,Dwon Clifton
8293,Vince Edwards
24904,Justin Safford
19659,Slim Millien
28922,Okey Ukah
2797,Josh Bone
7906,Treaven Duffy
618,Iakeem Alston
2989,Bam Bowman
29976,Marquis Webb
24462,Elvin Rodriguez
11632,Ashley Hamilton
13165,Brandon Hollinger
22570,Durrall Peterson
25351,Bryson Scott
1119,Jon Atkins
2940,Andrew Bourne
8271,Mario Edwards
19528,Marcus Milhouse
25878,Jake Silpe
12469,Reggie Hearn
21507,A.J. Ogilvy
7526,Dikembe Dixson
26587,Fred Smithwick
31503,Kyle Wright
13701,Irshaad Hunte
7810,DJ Draper
28674,Patrick Triplett
10764,Drew Gore
20291,Gerrick Morris
13622,Leonard Hughes
28285,Shemik Thompson
30747,Jonathan Williams
21303,Ike Nwamu
23366,Haminn Quaintance
3609,Jamar Brown
626,Tavarus Alston
12877,Chris Hill
8880,Al Faux
11451,Rodney Haddix
5494,Richard Cobbs
17095,Mike Levy
25300,David Schroeder
25375,Frederick Scott
11393,Rokas Gustys
3492,Brandon Brown
18505,Amere May
26335,Gregg Smith
24442,Matthew Rodden
19538,Ben Millaud-Meunier
2780,Lorenzo Bonam
4622,Christian Carlyle
7420,Reggie Dillard
10753,Richie Gordon
7485,Chris Dixon
24102,Jalen Riley
13685,Fats Hunt
22964,Rick Poole
11715,Kashawn Hampton
14891,Nate Johnson
23191,Austin Price
3291,Kevin Bright
7943,Malik Dunbar
27475,Hefeng Sun
28067,Gerrell Thomas
27189,Isaiah Still
7534,Paul Djoko
835,Ty Anderson
27423,Alex Sullivan
21569,Chidi Okoli
26986,Kody Stattmann
7176,Ronnie Dennis
12317,Harrison Hawkins
8342,Malik Eichler
5743,Spencer Collins
18053,Ben Marcus
28146,Phillip Thomas
5932,Leon Cooper
30993,Diego Willis
12871,Bobby Hill
1431,Reynaul Baker
29205,Mykail Vibbert
4055,Meshak Burke-Bennett
30689,J.T. Williams
21395,Liam O'Reilly
6534,Dion Dacons
29868,Jack Watson
8300,Joe Efese
6179,Ricky Cranford
12377,Matt Hayes
28261,Larry Thompson
30487,Johnathon Wilkins
24176,Latif Rivers
10259,Deng Geu
8681,Marcus Evans
30864,Pierson Williams
30474,Kris Wilkes
8193,Aaren Edmead
22950,Shamorie Ponds
24528,Kevin Rogus
22719,Randell Pickett
17985,Charles Mann
19946,Donavan Monroe
23497,DeLuis Ramirez
20624,Khalid Mutakabbir
29696,Josh Warren
27506,Dwayne Sutton
18871,Marvett McDonald
17502,Erazem Lorbek
19193,Liam McMorrow
14247,Ethan Jacobs
8811,Matt Fannin
13351,Trey Hopkins
6975,Brandon Dawson
10457,Facundo Giorgi
15990,Leland King
10476,Shannon Givens
14495,Javaris Jenkins
1058,Ruben Arroyo-Felix
31649,Eric Youncofski
4410,Ryan Callahan
15865,Algie Key
5349,Stevie Clark
10313,Kameron Gibson
15732,Alex Kellogg
29712,Jake Wasco
10300,Brian Gibson
18259,Todd Martin
31310,Stephen Wood
1142,Sam Atupem
3196,C.J. Bray
28813,Mike Turner
5569,Brandon Cole
12555,Dakarai Henderson
4354,Jamal Cain
25189,PJ Savoy
2094,Oscar Bellfield
4888,Maleek Catchings
29202,Tarik Viaer-McClymont
2685,Nouhoum Bocoum
22986,Jon Popofski
13979,Otas Iyekekpolor
240,Antoine Agudio
8977,Dominique Ferguson
14487,Ivan Jenkins
22437,Michael Perez
28438,Isaiah Tisdale
25954,Zachary Simmons
193,Niwayo Adjei
13336,Chrishawn Hopkins
5651,Marvin Coleman
25635,Thomas Shaughnessy
31109,Lester Wilson
30,Bilal Abdur-Rahim
4097,Christian Burns
4462,Ridell Camidge
6493,Francis Cuyler
10307,Ian Gibson
21604,Alex Olah
5148,Ryan Childress
3014,Mitch Boyce
25906,Daniel Simmons
3249,Tyron Brewer
12095,Ramon Harris
2001,Shannon Behling
17307,Charles Little
8189,Darnell Edge
6718,Aaron Davis
31770,Paulius Zalys
9964,Kewain Gant
17521,Luke Loucks
5033,Ezekiel Charles
19171,Jason McManamen
23676,Bruce Reed
249,Jefkins Agyeman-Budu
17663,John Lundy
30533,Anthony Williams
25491,Hope Segun
8214,A.J. Edwards
16413,Kevin Kruger
21166,Phillip Nolan
21601,Samson Oladimeji
24604,L.J. Rose
8261,Keith Edwards
30926,Tiremone Williams
747,Darion Anderson
13160,Anthony Holliday
24011,Melvyn Richardson
29329,Bret Wackerly
12804,Darryl Hicks
10012,Nick Gardner
15060,Alex Jones
27440,Marquis Sullivan
29619,Brian Wanamaker
13425,Brandon Hosley
31492,Jihad Wright
1741,Sefton Barrett
20740,Stefan Nastic
28552,Oliver Tot
12045,Johnnie Harris
14308,DeMarqus James
30721,Javien Williams
6689,Mike Daum
27154,Jamie Stewart
21379,Sean O'Mara
21313,Stephen Nwaukoni
24160,Lonnie Rivera
5712,Chauncey Collins
20468,Jihad Muhammad
9667,Marcus Freeman
1790,Anthony Baskerville
243,Ronnie Aguilar
13987,Ibrahim Jaaber
14087,Garrett Jackson
16956,Matt Lee
8331,Josh Egner
31611,A.J. Yawn
11610,Corey Hallett
8102,Patrick Eannotti
29797,Tony Washington
21538,Demonte Ojinnaka
23132,Jordan Poydras
27355,Ronald Strother Jr.
11164,Holden Greiner
23801,Travis Releford
15619,Jeff Kari
15595,Isaac Kante
14421,Damien Jefferson
26413,Kenyatta Smith
26047,E.J. Singler
3990,Travis Bunker
27074,Jerel Stephenson
19913,Peter Moller
16485,Michale Kyser
15761,Ramon Kelly
3303,Tobias Brinkley
6779,Domonique Davis
28527,T.J. Topercer
8294,Wesley Edwards
26648,Alex Sokol
7013,Kye de Laveaga
22047,Cory Parker
23981,Charles Richardson
27177,Tory Stewart-Miller
11470,Matt Hagen
27672,Chase Tapley
669,Mike Ames
26781,Jarel Spellman
16565,Ryan Lambert
13162,Reese Holliday
11277,Jacob Gross
21425,Kanayo Obi-Rapu
20849,Aaron Nelson
19510,Bobby Miles
30014,Jordan Weethee
13887,Elijah Ingram
21065,Dekyron Nicks
11335,DouDou Gueye
9274,Tyrn Flowers
19209,Sean McNally
26779,Adrian Spellman
16409,Bryson Krueger
17470,Longar Longar
4468,Blannon Campbell
10761,Adam Gore
4629,Robby Carmody
19391,Luke Mergerson
4970,Hikeem Champaigne
8201,Warren Edney
5462,Demetrice Clopton
5508,Tyke Cockerham
28933,Benjamin Uloko
18333,Trevor Mason
19159,Maurice Mclemore
17104,Austin Lewis
28401,Darnell Tillman
14369,Kamil Janton
25066,Ray Sanders
22355,Monquel Pegues
4829,Guglielmo Caruso
29970,Eric Webb
24012,Nafis Richardson
28216,Chris Thompson
24241,Justin Roberts
23323,Chris Pugh
25281,Zeke Schneider
712,Aaron Anderson
17227,James Life
8440,Kevaughn Ellis
21532,Jake Ohmer
20850,Adrian Nelson
19280,Johnny McWilliams
1991,Mike Beers
26710,Adam Souply
1208,Samuta Avea
18195,Gary Martin
18619,Skylar McBee
17738,Charlie Lytle
5671,Timothy Coleman
11784,Bobby Hansen
6036,Brandon Costner
1320,David Bagga
28648,Dustin Triano
10678,Quentin Goodin
14148,Lewis Jackson
19101,Antoine McKinsey
10920,Donte Grantham
31658,Antoine Young
235,Christian Agnew
24428,Davell Roby
31739,Tyrone Young
14052,Damon Jackson
4619,Josh Carlton
27103,Derrick Stevens
12634,Arnold Henry
5643,Keith Coleman
29830,Dwayne Watkins
26026,Kevin Sims
18685,Rodney McCauley
2482,Cameron Black
26386,Johnell Smith
23765,Brad Reid
25575,Josh Sewell
31498,Kalif Wright
22131,Race Parsons
3718,Rion Brown
2893,Bryan Bostic
7137,Jordan Demercy
28388,Morgan Tilford
9463,Rodney Foster
17357,Justin Lloyd
7019,Silvio De Sousa
9162,Evan Fitzner
4566,Julian Capel
3658,Klay Brown
762,Evan Anderson
25633,Jack Shaughnessy
1098,Ice Asortse
30187,Jonathan Whipple
22740,Rodney Pierce
11790,Nick Hansen
2352,Saddiq Bey
31087,Jeameril Wilson
31423,Tristan Worrell
25685,Reggie Shellwood
27242,Toriano Stokes
20050,Chris Moore
28567,Darren Townes
3904,Leon Buchanan
18044,James Marcellus
18478,Dobrivoje Mavrak
31747,Aquil Younger
25904,Charles Simmons
20471,Rahjan Muhammad
12934,Ricardo Hill
4419,Jason Calliste
4405,Greg Calixte
2745,Trevor Bohnhoff
8141,James Eayrs
9033,Kevin Field
1707,Marcus Barnett
30387,Logan Wiens
16059,Michael Kirby
8004,Roland Dunston
28902,Ike Udanoh
18201,Isaiah Martin
29682,Andrew Warren
26908,John Staley
29345,Dion Wade
4407,Garrett Callahan
9696,Lane Frey
8071,Logan Dye
11439,Albert Hacker
27378,Brock Stull
23863,John Reynolds
16694,Anton Larsen
1371,Victor Bailey Jr.
16609,Travon Landry
26143,Dakota Slaughter
23005,Wayne Portalatin
12953,Corey Hilliard
8720,Nick Evola
29833,Jordan Watkins
14708,David E. Johnson
4766,Keyon Carter
12624,James Hennessy
7459,Alioune Diouf
14168,Marreon Jackson
9376,Sajon Ford
2054,Gary Bell
23631,James Reaves
21805,Dylan Osetkowski
22349,Daryl Pegram
2785,Erik Bond
9619,Maleek Frazier
20064,Darrius Moore
3348,Izaiah Brockington
18383,Cass Matheus
8712,J'mel Everhart
10152,Bradley Gay
27824,Michael Taylor
12478,Josh Heath
28364,Tre'Shawn Thurman
20647,Teyvon Myers
10821,Dajuan Graf
11719,Mitchell Hampton
21950,Chudier Pal
26742,Jure Span
9531,Brandone Francis
29645,Tyson Ward
10565,Kourtney Goff
11720,Randy Hampton
16201,Gabe Knutson
25875,Karlis Silins
23536,Brandon Randolph
6834,Jonathan Davis
2827,Roy Booker
24209,Gary Roberson
25077,Victor Sanders
24736,Brett Royster
12992,Fred Hinnenkamp
28140,Noah Thomas
23380,Trevelin Queen
28259,Kyle Thompson
23563,Franz Rassman
31312,Tre Wood
4646,Alex Carr
28702,Johnny Trueblood
21477,Charles Odum
11294,Trevor Gruis
14025,Brian Jackson
16145,Chris Knaub
18750,Chris McComber
10304,Fred Gibson
16762,Dwayne Lautier-Ogunleye
12736,James Herrick
26133,Dietric Slater
12384,Tyrone Hayes
7321,Eric Diaz
14535,Nick Jenson
8018,Jalen Dupree
15657,Matt Kavanaugh
18187,Derrick Martin
20622,Nathaniel Musters
15965,George King
27847,Ricky Taylor
13557,Chad Hudson
22620,Trey Pettus
8756,Luke Fabrizius
7060,Quenton DeCosey
15614,Ryan Kardok
4213,Akil Butler
8732,Onyi Eyisi
25049,John Caleb Sanders
23499,Austin Ramljak
30031,Craig Weinstein
5888,Marquie Cooke
11747,Randall Hanke
22805,Luwane Pipkins
10127,Yancy Gates
17554,Latrell Love
25358,D'Angelo Scott
9072,Taylor Filipek
14275,Jan Jagla
8583,Daquon Ervin
30502,Wes Wilkinson
415,Job Alexander
8225,Brandon Edwards
11836,Payne Harding
7501,Jermaine Dixon
8272,Michael Edwards
8503,Bill Enea
1796,Ivo Basor
8217,Alonzo Edwards
3083,Mark Bradford
20102,Justin Moore
6340,Jeremiah Crutcher
21777,Gabe Osabuohien
19934,Mikal Monette
22480,Darius Perry
1995,Billy Begley
18029,Trevor Manuel
1912,Matt Beachler
20246,Shawn Morgan
26559,Tyler Smith
26229,Avery Smith
12077,Martez Harris
28048,Devon Thomas
24078,Tyler Riemersma
14658,Carl Johnson
17866,D'Andre Mahaffey
28221,Danny Thompson
24437,Miles Rockafeler
11826,Jacolby Hardiman
24329,Geddes Robinson
24192,Cooper Robb
16858,Marty Leahy
19678,Jon Mills
3343,Martino Brock
14048,D'Angelo Jackson
549,Ronald Allen
24639,DeAndrae Ross
16635,Mike Lang
10691,Leo Goodman
652,Moataz Aly
12932,P.J. Hill
18908,Kyle McElvain
21361,Shawn O'Connell
5415,Thomas Clement
2831,Devon Bookert
4652,Deldre Carr
18970,Rashard McGill
5453,Tim Clifford
10694,Spencer Goodman
1085,Brandon Ashley
8840,Dilon Farr
7519,Tim Dixon
4277,Mikel Byers
12543,Shaun Hemsley
1534,Channel Banks
15743,Colin Kelly
16617,Ishmael Lane
2675,Che Bob
12034,Jay Harris
24699,Shawn Rouse
8984,Jamal Ferguson
2790,Ta'Vonne Bond
20556,Derrick Murphy
13326,Cris Hoopes
17534,Robinson Louisme
9780,Seth Fuller
6270,Jovan Crnic
15256,Marquis Jones
25242,Teddy Schickel
29376,Phil Wait
3994,Kirk Bunn
14404,Derric Jean
11930,Ron Harper Jr.
29071,Ben Vander Plas
6862,Larry Davis
8451,Zack Ellis
22038,Bobby Parker
16448,Joe Kuligoski
9925,Jonathan Galloway
15987,Khalid King
13975,Moraye Ivy
15524,David Kadiri
14834,Kevin Johnson
13342,Joell Hopkins
28762,Jonathan Tull
20825,Zavion Neely
6695,Juwan Davenport
11523,DJ Haley
16848,Gabriel Lazo
26647,Ovie Soko
20116,Malik Moore
4096,Andy Burns
22104,Ricky Parks
1726,Jeremy Barr
2638,Jaron Blossomgame
6389,Khalen Cumberlander
12551,Cameron Henderson
20852,Anthony Nelson
3603,Jacque Brown
12504,Toby Hegner
11406,Carlton Guyton
21816,Jeremiah Ostrowski
23978,Brandon Richardson
11081,Octavious Green
10640,Adam Gonzalez
1072,Joey Asbury
369,Malik Albert
18254,Sirlester Martin
5017,Lou Chapman
17920,Adam Malik
22211,Michael Patton
6455,KeShawn Curry
7825,Robbie Dreher
5031,Chris Charles
3646,Ke'Ron Brown
28521,Avi Toomer
870,Malcolm Andrews
27822,Mensah Taylor
12704,Mikael Herbert
5386,Nicolas Claxton
16039,Lawrence Kinnard
5264,Akeim Claborn
8306,Ty Egbert
18654,Demetri McCamey
27446,Rob Sullivan
1521,Marco Banegas-Flores
26366,Jeff Smith
9312,Reggie Fondren
3054,Tone Boyle
26641,Kramer Soderberg
15927,Lenjo Kilo
20148,Trevor Moore
15598,Oscar Kao
25197,Jaden Sayles
30415,Scottie Wilbekin
31347,Charonn Woods
27464,Rob Summers
26224,Anthony Smith
12534,Jack Hemphill
1911,V.J. Beachem
2186,Casey Benson
22325,Errick Peck
21059,Jared Nickens
15299,Rick Jones
4051,John Burke
4943,David Chadwick
31832,Milos Zivanovic
16612,Brendan Lane
18378,Mario Matasovic
5693,Wade Collie
11680,Royce Hamm Jr.
7787,Ellis Dozier
21032,Ryan Nicholas
2263,Malcolm Bernard
7319,Dennis Diaz
26608,Gabe Snider
6079,Corey Counts
10035,Shep Garner
19046,Jeremy McKay
18104,Matt Marseille
3176,Wayne Bransom
4987,Marquin Chandler
23276,Antoine Proctor
2096,Deuce Bello
14100,Jamee Jackson
4229,Jamar Butler
18368,Clarence Masters
31629,Wyatt Yess
23173,Emmenle Preston
11537,Bryan Hall
12278,Omar Hatcher
21427,Josh Obiajunwa
14020,Bradley Jackson
13118,Tra Holder
11410,Luis Guzman
8530,Dallas Ennema
2366,Josh Biber
9753,Ruben Fuamba
9712,Ted Friedman
18861,Durrell McDonald
964,Jason Arbert
8668,Jacob Evans
6331,Brandon Crump
19808,Jonathan Mitchell
2086,Trevian Bell
13654,Daniel Hummer
19346,Brennen Melvin
25919,Jahmiah Simmons
13903,Shaunvanta Ingram
8587,Najul Ervin
22308,Ryan Pearson
28229,Devin Thompson
20640,Jeremy Myers
11750,Kameron Hankerson
9774,Khalil Fuller
11631,Amari Hamilton
27145,Darryl Stewart
16018,Travis King
1424,Marquis Baker
2652,Trey Blue
24226,Chris Roberts
18129,Justin Marshall
5673,Whitney Coleman
28020,Bud Thomas
27006,Matt Steelman
22379,Devon Peltier
3399,Eli Brooks
24662,Rodney Ross
28215,Charles Thompson
29710,Chris Warzynski
9971,Kobe Gantz
20332,Andrew Morrissey
1398,Charles Baker
18893,Stephen McDowell
20903,Todd Nelson
1059,Ron Artest III
1272,John Azzinaro
8855,Mike Farrelly
16273,Mike Konopka
26311,Dwayne Smith
13324,Max Hooper
19579,Elijah Miller
15996,Nick King
24764,Austin Ruder
28786,Cedric Turner
27584,Azariah Sykes
13873,Golden Ingle
4626,Levi Carmichael
1774,Jimmy Barton
20590,Durand Murray
26144,George Slaughter
19511,Cameron Miles
2116,Michael Bendall
20948,Sam Neumann
27840,Quincy Taylor
23406,Paddy Quinn
8081,Ed Dyson
20428,Trey Mourning
1535,Darius Banks
2380,Lamar Bigby
31278,Adam Wolfe
11369,Kevin Gullikson
22863,Steven Pledger
4319,Jake Byrne
5686,Cliff Colimon
31392,Terrence Woodyard
20929,Marvin Nesbitt Jr.
21288,Engen Nurumbi
13195,Khari Holloway
5157,Ian Chiles
4709,Miguel Cartagena
15358,Zach Jones
19441,Kyle Meyer
13174,Brandon Hollins
26106,Tony Skinner
18603,Raymoan McAfee
11903,Alexander Harper
10443,Leon Gilmore
12792,Alec Hickman
25968,Justin Simon
2791,Tim Bond
3436,Winston Brooks
493,Corey Allen
14944,Sidiki Johnson
25333,Andrew Scocca
5111,Ray Chen
1601,Bret Barclay
21208,Lamar Norman Jr.
26726,Jamie Sowers
17584,Dishon Lowery
5191,Andrew Chrabascz
13486,Juwan Howard
10776,Collin Goss
21125,Ismaila Njie
6424,Mike Cunningham
2520,Micheal Blackshear
30441,Austin Wiley
15175,Herb Jones
5965,Mike Copeland
28065,Gentrey Thomas
19022,Chris McHenry
5464,Donald Cloutier
1196,Rashad Austin
25187,Kirill Savolainen
29527,JD Wallace
19509,Anthony Miles
27929,Andrew Terrell
25908,David Simmons
19147,Mikhail McLean
8647,Austin Evans
6311,Harold Crow
12342,TJ Haws
8278,Richie Edwards
2151,Charles Bennett
14801,Johnny Johnson
26951,Jonathan Stark
21326,Jordan Nwora
833,Trevor Anderson
12986,Shaquille Hines
9513,James Foye
15878,Julius Keys
29676,Scott Warner
5912,Chris Cooper
30176,Derek Wheeler
28222,Darius Thompson
10153,Brandon Gay
30648,Donald Williams
27778,Eric Taylor
16765,Deion Lavender
16292,Aaron Korn
4352,Eli Cain
30161,Rashad Whack
6546,Austin Dahn
18212,Joe Martin
30568,Brian Williams
27033,Erik Stenger
13691,Jon Hunt
8684,Mo Evans
27569,John Swinton
11975,Charles Harris
27322,Dustin Streff
5290,Charles Clark
25268,Eric Schmieder
22178,DeShawn Patterson
26100,Gavin Skelly
18995,Trey McGowens
6402,Will Cummings
1278,Olu Babalola
12699,Matthew Herasme
21820,Joshua Oswald
14616,Anthony Johnson
19672,Brian Mills
21450,Denarius Odell
26957,Sean Starkey
20831,Jordan Negrin
9633,Akiean Frederick
27146,DeAngelo Stewart
13322,David Hooper
29771,Kenderek Washington
28547,P.J. Torres
19807,Johnathan Mitchell
24895,Devon Saddler
7151,Jourdan Demunyck
